{"cameraMode":{"drawMode":0,"name":"Shaded","section":"Shading Mode"},"sceneLighting":true,"audioPlay":false,"sceneViewState":{"showFog":true,"showMaterialUpdate":false,"showSkybox":true,"showFlares":true,"showImageEffects":true,"showParticleSystems":true},"in2DMode":false,"pivot":{"x":-1.3106861114501954,"y":3.72344970703125,"z":-5.097177028656006},"rotation":{"x":-0.10058292001485825,"y":0.8794059753417969,"z":-0.21409627795219422,"w":-0.4131477177143097},"size":9.098520278930664,"orthographic":false}